{"A": [0.5782515190192581, 0.3799820106258377, 0.4803790865243507, 0.3991766241429431], "B": [0.9399656692320132, 0.06689609422883136, 0.8058718991790177, 0.15829821757473073, 0.367668618862242], "C": [0.8579777328068496, 0.10893235957225145, 0.8800089279712907, 0.3797811790563199, 0.3714757389187009]}