{"A": [0.19134915832403654, 0.35931300380937115, 0.686182059698789], "B": [0.8827633689930438, 0.3989380100333777, 0.6290096388124615]}