{"A": [0.09076370644846365, 0.00687391107176849, 0.8090837419645224], "B": [0.21436893772598886, 0.27966442975178074, 0.6217185527626256, 0.7639177075068931]}