{"A": [0.19134915832403654, 0.35931300380937115, 0.686182059698789], "B": [0.8827633689930438, 0.3989380100333777, 0.6290096388124615], "asdas": [0.9437862582422576, 0.8843359487124272, 0.922044351302226, 0.19495167766780297], "c": [0.2587775375244138, 0.4459290444182853, 0.5184488983083794, 0.4656479632117265]}