{"A": [0.3159336228455427, 0.12878876860674904, 0.42011791086852757], "B": [0.011115368243747925, 0.16936447792435116, 0.35431097064526984], "C": [0.7833839163627944, 0.7840884398707659, 0.8538863199938539, 0.012462628242558615]}